2015-11-02,17:02:18,3r6w86,29831,"Ireland plans to decriminalise the possession of small amounts of drugs, including heroin, cocaine and cannabis",irishtimes.com,http://www.irishtimes.com/news/ireland/irish-news/injection-rooms-for-addicts-to-open-next-year-says-minister-1.2413509
2015-11-02,06:36:23,3r4wpu,4164,A Huge Fire in the Amazon Likely Caused By Illegal Loggers Threatens Thousands of Indigenous People and an Uncontacted Tribe,news.vice.com,https://news.vice.com/article/a-huge-fire-in-the-amazon-threatens-thousands-of-indigenous-people-and-an-uncontacted-tribe
2015-11-02,03:54:57,3r48gs,4262,Sweden to become world’s first fossil-fuel free nation,climateactionprogramme.org,http://www.climateactionprogramme.org/news/sweden_to_become_worlds_first_fossil_fuel_free_nation
2015-11-02,21:34:35,3r7ice,1829,"Pacific Islands Make Last-Ditch Plea to World Before Paris Climate Change Talks - ""Unless the world acts decisively in coming weeks, the Pacific as we know it is doomed,"" said Fijian prime minister Frank Bainimarama.",alternet.org,http://www.alternet.org/environment/pacific-islands-make-last-ditch-plea-world-paris-climate-change-talks
2015-11-02,18:05:48,3r70qd,1648,'External factor' caused Sinai crash,bbc.co.uk,http://www.bbc.co.uk/news/world-europe-34697416
2015-11-02,23:31:45,3r7x7x,1337,"Saudi Arabia will raise the price of water for non-residential consumers, local media reported, a sign the government is cutting back an expensive system of subsidies as low oil prices strain its finances.",reuters.com,http://www.reuters.com/article/2015/11/02/us-saudi-water-idUSKCN0SR1PR20151102?feedType=RSS&feedName=worldNews
2015-11-02,22:45:02,3r7qq4,1331,Flight recorders show crashed Russian jet not struck from outside: investigator,reuters.com,http://www.reuters.com/article/2015/11/02/us-egypt-crash-idUSKCN0SR1FH20151102
2015-11-02,01:43:31,3r3ox3,796,Erdogan's AKP set to win majority in critical Turkey vote,news.yahoo.com,http://news.yahoo.com/divided-turkey-votes-critical-election-violence-spirals-042823025.html
2015-11-02,14:11:55,3r6ijj,732,Details Revealed in Chilling Plot to Execute Anti-ISIS Activists in Turkey,nbcnews.com,http://www.nbcnews.com/storyline/isis-terror/details-revealed-chilling-plot-execute-anti-isis-activists-turkey-n455416
2015-11-02,01:09:31,3r3jvj,691,Syria rebels using caged captives as 'human shields': monitor,france24.com,http://www.france24.com/en/20151101-syria-rebels-using-caged-captives-human-shields-monitor?ns_campaign=reseaux_sociaux&ns_source=twitter&ns_mchannel=social&ns_linkname=editorial&aef_campaign_ref=partage_aef&aef_campaign_date=2015-11-01&dlvrit=66745
2015-11-02,00:38:38,3r3few,618,"Singapore ranked world's healthiest country, UK fails to make top 20",independent.co.uk,http://www.independent.co.uk/life-style/health-and-families/health-news/singapore-ranked-worlds-healthiest-country-uk-fails-to-make-top-20-a6716281.html
2015-11-02,11:34:03,3r615y,594,"For the first time since 1948, Egypt votes for Israel at UN",doamuslims.org,http://www.doamuslims.org/?p=5169
2015-11-02,23:33:23,3r7xge,583,At least 550 wounded in horrific market-bombing in Damascus besieged area,msf.org,http://www.msf.org/article/syria-least-550-wounded-horrific-market-bombing-damascus-besieged-area
2015-11-02,17:42:15,3r6z2f,545,China just unveiled its first large passenger plane,uk.businessinsider.com,http://uk.businessinsider.com/china-unveils-first-large-passenger-plane-2015-11?r=US&IR=T
2015-11-02,03:17:06,3r42sh,529,"Xu Xiang, boss of China's largest local private fund has been arrested due to insider trading and market manipulation",china.org.cn,http://www.china.org.cn/china/Off_the_Wire/2015-11/02/content_36949950.htm
2015-11-02,08:20:19,3r5bau,457,Japan and China agree on moves to mend ties further,news.yahoo.com,http://news.yahoo.com/japan-china-agree-moves-mend-ties-further-122912403.html
2015-11-02,19:52:17,3r78p2,396,"Iran starts taking nuclear centrifuges offline | Under the July 14 agreement, Iran is to curb its nuclear programme under United Nations supervision to ensure it cannot be used to make a nuclear weapon, in exchange for the removal of sanctions that have isolated Tehran and hobbled its economy.",uk.reuters.com,http://uk.reuters.com/article/2015/11/02/uk-iran-nuclear-salehi-idUKKCN0SR0PW20151102
2015-11-02,15:39:39,3r6q63,380,China Sends Armed Jets Over Disputed Waters In Response to U.S. Naval Presence,time.com,http://time.com/4096086/south-china-sea-jets-paracel/
2015-11-02,02:46:39,3r3ya1,375,"‘Jihad is a lot of fun,’ said German rapper turned ISIL pitchman. Now he’s reportedly dead from air strike",theprovince.com,http://www.theprovince.com/news/world/98jihad+said+deso+dogg+german+rapper+turned+isil+pitchman/11481289/story.html
2015-11-02,22:49:43,3r7rce,254,Majority of Northern Ireland MLA's vote for gay marriage but motion fails for the 5th time in 3 years due to a 5th motion of concern by the DUP.,belfasttelegraph.co.uk,http://www.belfasttelegraph.co.uk/news/northern-ireland/northern-ireland-mlas-vote-yes-for-gay-marriage-but-motion-is-torpedoed-by-dup-veto-34160017.html
2015-11-02,17:12:16,3r6wyx,242,Living Wage in London rising to £9.40 an hour,dailymail.co.uk,http://www.dailymail.co.uk/wires/pa/article-3299600/National-Living-Wage-bring-pay-rise-thousands-workers.html
2015-11-02,16:08:39,3r6scv,196,Official: Afghanistan will accept deportees from Germany,bigstory.ap.org,http://bigstory.ap.org/article/6d3b3a0061e04d8ca8e6a413c71138e8/official-afghanistan-will-accept-deportees-germany
2015-11-02,17:29:35,3r6y4e,194,"The world’s largest and the UK’s first floating offshore wind development approximately 25 kilometres off the coast of Peterhead has been granted consent, the Scottish Government has announced today.",scotsman.com,http://www.scotsman.com/news/environment/floating-offshore-wind-development-for-scottish-coast-1-3934540#axzz3qKBULQ2Y
2015-11-02,12:10:45,3r65ly,200,Ban Ki Moon: It is up to the Syrian people who have to decide the future of President Assad.,uk.reuters.com,http://uk.reuters.com/article/2015/10/31/uk-mideast-crisis-syria-un-idUKKCN0SP0VD20151031
2015-11-02,04:47:43,3r4gfc,198,Male rape now a crime in China,en.dailypakistan.com.pk,http://en.dailypakistan.com.pk/viral/male-rape-now-a-crime-in-china/
2015-11-02,10:47:19,3r5vb0,191,"Australia ditches former PM's knights and dames: Prime Minister Malcolm Turnbull confirmed Monday, saying the titles were ""not appropriate"" in the modern age",digitaljournal.com,http://www.digitaljournal.com/news/world/australia-ditches-former-pm-s-knights-and-dames/article/448184
2015-11-02,17:13:09,3r6x1c,182,"Qatar opens $825m Labour City for up to 100,000 workers, with shops, cinemas, a theatre for 17,000 people, a cricket ground, places of worship, a medical clinic, green areas and a number of public telephone booths as well as Wi-Fi-equipped centres for residents",arabianbusiness.com,http://www.arabianbusiness.com/gallery-qatar-s-825m-labour-city-for-up-100-000-workers-with-shops-cinemas--theatre-for-17-000-people-and-cricket-ground-610893.html#.VjcoSCvz_TE
2015-11-02,19:23:11,3r76d8,163,"Russian airline rules out technical fault, pilot error in Egypt crash",reuters.com,http://www.reuters.com/article/idUSKCN0SR12O20151102
2015-11-02,23:35:09,3r7xpi,126,US pledges $100mn to Syrian opposition groups,middleeasteye.net,http://www.middleeasteye.net/news/us-pledges-100mn-syrian-opposition-groups-300732550
2015-11-02,20:08:35,3r7a33,116,Dating apps 'increasing' rates of sexually transmitted infections,bbc.co.uk,http://www.bbc.co.uk/newsbeat/article/34008736/dating-apps-increasing-rates-of-sexually-transmitted-infections-say-doctors
